{
  "audit": {
    "ihme_version": "GBD 2023 (v1.0)",
    "timestamp": "2026-04-10T03:26:40.202464",
    "methodology": "TruthCert Transportability Pipeline (Hyper-Advanced)",
    "hash": "SHA256:7d8c..."
  },
  "map_data": [
    {
      "iso3": "USA",
      "smd_avg": 0.0,
      "wasserstein_dist": 0.0,
      "niche_overlap": 1.0,
      "noise_corr_hr": 0.8216289134599688,
      "fisher_stability": 1.0,
      "shapley_attribution": [
        0.0,
        0.0,
        0.0,
        0.0
      ],
      "tda_bottleneck": 0.0,
      "transport_propensity": 1.0,
      "hr_initial": 0.82,
      "recalibrated_hr": 0.82,
      "causal_hr": 0.82,
      "dml_hr": 0.82,
      "hr_ci": [
        0.7434521010782151,
        0.9044294837889763
      ],
      "conformal_ci": [
        0.82,
        0.82
      ],
      "proximal_bound": [
        0.82,
        0.82
      ],
      "e_statistic": 1.2195121951219512,
      "rd_e_value": 1.1341640786499874,
      "readiness_score": 95,
      "covariates": {
        "pop_65plus": 16.5,
        "urbanization": 82,
        "health_exp": 16.7,
        "beds": 2.8
      }
    },
    {
      "iso3": "IND",
      "smd_avg": 2.50375,
      "wasserstein_dist": 52.39920800928197,
      "niche_overlap": 0.9120084558685972,
      "noise_corr_hr": 0.689898516231602,
      "fisher_stability": 0.27543106683403695,
      "shapley_attribution": [
        0.06254092980811086,
        0.0252527809362647,
        0.07360916996315454,
        0.03089435965606851
      ],
      "tda_bottleneck": 47.0,
      "transport_propensity": 0.333000333000333,
      "hr_initial": 0.82,
      "recalibrated_hr": 0.40081674997744,
      "causal_hr": 0.8651090501876971,
      "dml_hr": 0.6765505041551313,
      "hr_ci": [
        0.6133937729264123,
        0.7462100283295087
      ],
      "conformal_ci": [
        0.0002461937207862788,
        1859.1887039633725
      ],
      "proximal_bound": [
        0.4100409775281191,
        1.1162801031054843
      ],
      "e_statistic": 1.215587706373126,
      "rd_e_value": 7.087930955641102,
      "readiness_score": 45,
      "covariates": {
        "pop_65plus": 6.8,
        "urbanization": 35,
        "health_exp": 3.0,
        "beds": 0.5
      }
    },
    {
      "iso3": "NGA",
      "smd_avg": 2.44625,
      "wasserstein_dist": 37.26062264643466,
      "niche_overlap": 0.8135593220338984,
      "noise_corr_hr": 0.6791853254702463,
      "fisher_stability": 0.2812288858625536,
      "shapley_attribution": [
        0.09048036830097754,
        0.01639137106901767,
        0.07048289559677597,
        0.03141679454895053
      ],
      "tda_bottleneck": 30.0,
      "transport_propensity": 0.3381805884342239,
      "hr_initial": 0.82,
      "recalibrated_hr": 0.38187920459384705,
      "causal_hr": 0.8151983742975406,
      "dml_hr": 0.6654961886307958,
      "hr_ci": [
        0.6033713898745237,
        0.7340175296913194
      ],
      "conformal_ci": [
        0.0003033696742399958,
        1459.886121418152
      ],
      "proximal_bound": [
        0.4080064204765907,
        1.0854858032988388
      ],
      "e_statistic": 1.2285367042974544,
      "rd_e_value": 6.970205567504187,
      "readiness_score": 38,
      "covariates": {
        "pop_65plus": 2.7,
        "urbanization": 52,
        "health_exp": 3.8,
        "beds": 0.5
      }
    },
    {
      "iso3": "KEN",
      "smd_avg": 2.48125,
      "wasserstein_dist": 59.8866178707731,
      "niche_overlap": 0.9131646157418157,
      "noise_corr_hr": 0.681988144808765,
      "fisher_stability": 0.2759334310597568,
      "shapley_attribution": [
        0.09086063741776121,
        0.029205204884280397,
        0.06544129242588753,
        0.018929299462033585
      ],
      "tda_bottleneck": 54.0,
      "transport_propensity": 0.3350083752093802,
      "hr_initial": 0.82,
      "recalibrated_hr": 0.3850234880150954,
      "causal_hr": 0.8302180685724312,
      "dml_hr": 0.6683873736068606,
      "hr_ci": [
        0.6059926795636226,
        0.7372063991247837
      ],
      "conformal_ci": [
        0.0002481110474035116,
        1800.5715016410606
      ],
      "proximal_bound": [
        0.4069205290544473,
        1.097859776785313
      ],
      "e_statistic": 1.2240951815193089,
      "rd_e_value": 7.048285208894097,
      "readiness_score": 42,
      "covariates": {
        "pop_65plus": 2.5,
        "urbanization": 28,
        "health_exp": 4.6,
        "beds": 1.4
      }
    },
    {
      "iso3": "BRA",
      "smd_avg": 1.0025,
      "wasserstein_dist": 11.345571823403173,
      "niche_overlap": 0.8952829012961117,
      "noise_corr_hr": 0.723535632607309,
      "fisher_stability": 0.6501908310089012,
      "shapley_attribution": [
        0.0570770165951359,
        0.0037749349599957597,
        0.05435906342393894,
        0.013212272359985155
      ],
      "tda_bottleneck": 7.0,
      "transport_propensity": 0.5875440658049353,
      "hr_initial": 0.82,
      "recalibrated_hr": 0.5953231338663968,
      "causal_hr": 0.843053128261852,
      "dml_hr": 0.7211744422716315,
      "hr_ci": [
        0.65385201750092,
        0.7954285713969934
      ],
      "conformal_ci": [
        0.14279436978771443,
        3.6422484791171787
      ],
      "proximal_bound": [
        0.5901525441681978,
        0.8812849852555553
      ],
      "e_statistic": 1.262779111967041,
      "rd_e_value": 3.506777017899994,
      "readiness_score": 72,
      "covariates": {
        "pop_65plus": 10.2,
        "urbanization": 87,
        "health_exp": 9.5,
        "beds": 2.1
      }
    },
    {
      "iso3": "CHN",
      "smd_avg": 1.4437499999999999,
      "wasserstein_dist": 21.696405232203787,
      "niche_overlap": 0.9196990660671048,
      "noise_corr_hr": 0.7498095323651329,
      "fisher_stability": 0.46919445177560776,
      "shapley_attribution": [
        0.016344808079369402,
        0.007718381593035552,
        0.05130453647135395,
        0.017025841749343133
      ],
      "tda_bottleneck": 17.0,
      "transport_propensity": 0.6430868167202572,
      "hr_initial": 0.82,
      "recalibrated_hr": 0.6341619352876683,
      "causal_hr": 1.0502979644865258,
      "dml_hr": 0.7476319207970135,
      "hr_ci": [
        0.6778396614020504,
        0.8246101855982972
      ],
      "conformal_ci": [
        0.024816847843597084,
        22.52314607065803
      ],
      "proximal_bound": [
        0.5601254476850644,
        0.9979076853314267
      ],
      "e_statistic": 1.202461285145103,
      "rd_e_value": 4.505072022477339,
      "readiness_score": 85,
      "covariates": {
        "pop_65plus": 13.5,
        "urbanization": 65,
        "health_exp": 5.4,
        "beds": 4.3
      }
    },
    {
      "iso3": "ZAF",
      "smd_avg": 1.3624999999999998,
      "wasserstein_dist": 21.13447420684981,
      "niche_overlap": 0.8896966993755575,
      "noise_corr_hr": 0.6913838980982286,
      "fisher_stability": 0.5093594804533299,
      "shapley_attribution": [
        0.0924903562765239,
        0.011010756699586177,
        0.06166023751768259,
        0.009175630582988483
      ],
      "tda_bottleneck": 15.0,
      "transport_propensity": 0.47846889952153115,
      "hr_initial": 0.82,
      "recalibrated_hr": 0.5099457463013164,
      "causal_hr": 0.8122826549698975,
      "dml_hr": 0.6888113005923349,
      "hr_ci": [
        0.6245100105753529,
        0.7597332305155351
      ],
      "conformal_ci": [
        0.03791959097673791,
        12.512292342888564
      ],
      "proximal_bound": [
        0.5245115031166784,
        0.9045769349278873
      ],
      "e_statistic": 1.272885893276379,
      "rd_e_value": 4.3821101655901,
      "readiness_score": 65,
      "covariates": {
        "pop_65plus": 6.0,
        "urbanization": 67,
        "health_exp": 8.3,
        "beds": 2.3
      }
    }
  ]
}