{
  "audit": {
    "ihme_version": "GBD 2023 (v1.0)",
    "timestamp": "2026-04-10T04:03:28.520940",
    "methodology": "TruthCert Transportability Pipeline (Physicians' Wisdom Stack)",
    "hash": "SHA256:7d8c..."
  },
  "map_data": [
    {
      "iso3": "USA",
      "smd_avg": 0.0,
      "constancy_avicenna": 1.0,
      "dissonance_razi": 0.0,
      "verification_bound_haytham": [
        0.82,
        0.82
      ],
      "transport_propensity": 1.0,
      "hr_initial": 0.82,
      "recalibrated_hr": 0.82,
      "causal_hr": 0.82,
      "dml_hr": 0.82,
      "hr_ci": [
        0.7434521010782151,
        0.9044294837889763
      ],
      "conformal_ci": [
        0.82,
        0.82
      ],
      "proximal_bound": [
        0.82,
        0.82
      ],
      "e_statistic": 1.2195121951219512,
      "rd_e_value": 1.1341640786499874,
      "fisher_stability": 1.0,
      "shapley_attribution": [
        0.0,
        0.0,
        0.0,
        0.0
      ],
      "tda_bottleneck": 0.0,
      "quantum_entropy": -0.0,
      "cusp_potential": 0.0,
      "free_energy": 0.0,
      "readiness_score": 95,
      "covariates": {
        "pop_65plus": 16.5,
        "urbanization": 82,
        "health_exp": 16.7,
        "beds": 2.8
      }
    },
    {
      "iso3": "IND",
      "smd_avg": 2.50375,
      "constancy_avicenna": 0.4319027095956365,
      "dissonance_razi": 0.5,
      "verification_bound_haytham": [
        0.4509210236651666,
        0.9021799846450959
      ],
      "transport_propensity": 0.333000333000333,
      "hr_initial": 0.82,
      "recalibrated_hr": 0.40081674997744,
      "causal_hr": 0.8651090501876971,
      "dml_hr": 0.6765505041551313,
      "hr_ci": [
        0.6133937729264123,
        0.7462100283295087
      ],
      "conformal_ci": [
        0.0002461937207862788,
        1859.1887039633725
      ],
      "proximal_bound": [
        0.4100409775281191,
        1.1162801031054843
      ],
      "e_statistic": 1.215587706373126,
      "rd_e_value": 7.087930955641102,
      "fisher_stability": 0.27543106683403695,
      "shapley_attribution": [
        0.06254092980811086,
        0.0252527809362647,
        0.07360916996315454,
        0.03089435965606851
      ],
      "tda_bottleneck": 47.0,
      "quantum_entropy": 1.3629252859121346,
      "cusp_potential": 0.0150247354767737,
      "free_energy": 44.480564339306596,
      "readiness_score": 45,
      "covariates": {
        "pop_65plus": 6.8,
        "urbanization": 35,
        "health_exp": 3.0,
        "beds": 0.5
      }
    },
    {
      "iso3": "NGA",
      "smd_avg": 2.44625,
      "constancy_avicenna": 0.43899866599280374,
      "dissonance_razi": 0.57,
      "verification_bound_haytham": [
        0.4452770406513458,
        0.8857153366102458
      ],
      "transport_propensity": 0.3381805884342239,
      "hr_initial": 0.82,
      "recalibrated_hr": 0.38187920459384705,
      "causal_hr": 0.8151983742975406,
      "dml_hr": 0.6654961886307958,
      "hr_ci": [
        0.6033713898745237,
        0.7340175296913194
      ],
      "conformal_ci": [
        0.0003033696742399958,
        1459.886121418152
      ],
      "proximal_bound": [
        0.4080064204765907,
        1.0854858032988388
      ],
      "e_statistic": 1.2285367042974544,
      "rd_e_value": 6.970205567504187,
      "fisher_stability": 0.2812288858625536,
      "shapley_attribution": [
        0.09048036830097754,
        0.01639137106901767,
        0.07048289559677597,
        0.03141679454895053
      ],
      "tda_bottleneck": 30.0,
      "quantum_entropy": 1.3506325031971316,
      "cusp_potential": 0.01661374639748995,
      "free_energy": 29.567286565563464,
      "readiness_score": 38,
      "covariates": {
        "pop_65plus": 2.7,
        "urbanization": 52,
        "health_exp": 3.8,
        "beds": 0.5
      }
    },
    {
      "iso3": "KEN",
      "smd_avg": 2.48125,
      "constancy_avicenna": 0.4325201054267756,
      "dissonance_razi": 0.53,
      "verification_bound_haytham": [
        0.44615137082468,
        0.8906233763890412
      ],
      "transport_propensity": 0.3350083752093802,
      "hr_initial": 0.82,
      "recalibrated_hr": 0.3850234880150954,
      "causal_hr": 0.8302180685724312,
      "dml_hr": 0.6683873736068606,
      "hr_ci": [
        0.6059926795636226,
        0.7372063991247837
      ],
      "conformal_ci": [
        0.0002481110474035116,
        1800.5715016410606
      ],
      "proximal_bound": [
        0.4069205290544473,
        1.097859776785313
      ],
      "e_statistic": 1.2240951815193089,
      "rd_e_value": 7.048285208894097,
      "fisher_stability": 0.2759334310597568,
      "shapley_attribution": [
        0.09086063741776121,
        0.029205204884280397,
        0.06544129242588753,
        0.018929299462033585
      ],
      "tda_bottleneck": 54.0,
      "quantum_entropy": 1.3495473718387259,
      "cusp_potential": 0.016452429335955563,
      "free_energy": 51.987871103456094,
      "readiness_score": 42,
      "covariates": {
        "pop_65plus": 2.5,
        "urbanization": 28,
        "health_exp": 4.6,
        "beds": 1.4
      }
    },
    {
      "iso3": "BRA",
      "smd_avg": 1.0025,
      "constancy_avicenna": 0.7880189597361713,
      "dissonance_razi": 0.23,
      "verification_bound_haytham": [
        0.5724481031192563,
        0.8699007814240068
      ],
      "transport_propensity": 0.5875440658049353,
      "hr_initial": 0.82,
      "recalibrated_hr": 0.5953231338663968,
      "causal_hr": 0.843053128261852,
      "dml_hr": 0.7211744422716315,
      "hr_ci": [
        0.65385201750092,
        0.7954285713969934
      ],
      "conformal_ci": [
        0.14279436978771443,
        3.6422484791171787
      ],
      "proximal_bound": [
        0.5901525441681978,
        0.8812849852555553
      ],
      "e_statistic": 1.262779111967041,
      "rd_e_value": 3.506777017899994,
      "fisher_stability": 0.6501908310089012,
      "shapley_attribution": [
        0.0570770165951359,
        0.0037749349599957597,
        0.05435906342393894,
        0.013212272359985155
      ],
      "tda_bottleneck": 7.0,
      "quantum_entropy": 1.2010179958819203,
      "cusp_potential": 0.008423028225809042,
      "free_energy": 9.726096392355238,
      "readiness_score": 72,
      "covariates": {
        "pop_65plus": 10.2,
        "urbanization": 87,
        "health_exp": 9.5,
        "beds": 2.1
      }
    },
    {
      "iso3": "CHN",
      "smd_avg": 1.4437499999999999,
      "constancy_avicenna": 0.6387098061914932,
      "dissonance_razi": 0.1,
      "verification_bound_haytham": [
        0.6142120764104082,
        0.8810517651836188
      ],
      "transport_propensity": 0.6430868167202572,
      "hr_initial": 0.82,
      "recalibrated_hr": 0.6341619352876683,
      "causal_hr": 1.0502979644865258,
      "dml_hr": 0.7476319207970135,
      "hr_ci": [
        0.6778396614020504,
        0.8246101855982972
      ],
      "conformal_ci": [
        0.024816847843597084,
        22.52314607065803
      ],
      "proximal_bound": [
        0.5601254476850644,
        0.9979076853314267
      ],
      "e_statistic": 1.202461285145103,
      "rd_e_value": 4.505072022477339,
      "fisher_stability": 0.46919445177560776,
      "shapley_attribution": [
        0.016344808079369402,
        0.007718381593035552,
        0.05130453647135395,
        0.017025841749343133
      ],
      "tda_bottleneck": 17.0,
      "quantum_entropy": 1.2172010567853404,
      "cusp_potential": 0.004851210376896815,
      "free_energy": 18.29101723088891,
      "readiness_score": 85,
      "covariates": {
        "pop_65plus": 13.5,
        "urbanization": 65,
        "health_exp": 5.4,
        "beds": 4.3
      }
    },
    {
      "iso3": "ZAF",
      "smd_avg": 1.3624999999999998,
      "constancy_avicenna": 0.6749346157091032,
      "dissonance_razi": 0.3,